{"cameraMode":{"drawMode":0,"name":"Shaded","section":"Shading Mode"},"sceneLighting":true,"audioPlay":false,"sceneViewState":{"showFog":true,"showMaterialUpdate":false,"showSkybox":true,"showFlares":true,"showImageEffects":true,"showParticleSystems":true},"in2DMode":false,"pivot":{"x":51.086605072021487,"y":-16.515213012695314,"z":5.146694183349609},"rotation":{"x":-0.10458056628704071,"y":-0.6358523368835449,"z":0.08754187077283859,"w":-0.7596768736839294},"size":35.3588752746582,"orthographic":false}