{"cameraMode":{"drawMode":0,"name":"Shaded","section":"Shading Mode"},"sceneLighting":true,"audioPlay":false,"sceneViewState":{"showFog":true,"showMaterialUpdate":false,"showSkybox":true,"showFlares":true,"showImageEffects":true,"showParticleSystems":true},"in2DMode":false,"pivot":{"x":1.505904197692871,"y":2.0272836685180666,"z":-12.28625774383545},"rotation":{"x":0.04940536245703697,"y":0.9375091195106506,"z":-0.14918871223926545,"w":0.31047379970550539},"size":10.0,"orthographic":false}