{"cameraMode":{"drawMode":0,"name":"Shaded","section":"Shading Mode"},"sceneLighting":true,"audioPlay":false,"sceneViewState":{"showFog":true,"showMaterialUpdate":false,"showSkybox":true,"showFlares":true,"showImageEffects":true,"showParticleSystems":true},"in2DMode":false,"pivot":{"x":-7.573929786682129,"y":7.5381975173950199,"z":8.862412452697754},"rotation":{"x":0.09745248407125473,"y":0.8702179193496704,"z":-0.19122812151908875,"w":0.4434657096862793},"size":10.0,"orthographic":false}