{"cameraMode":{"drawMode":0,"name":"Shaded","section":"Shading Mode"},"sceneLighting":true,"audioPlay":false,"sceneViewState":{"showFog":true,"showMaterialUpdate":false,"showSkybox":true,"showFlares":true,"showImageEffects":true,"showParticleSystems":true},"in2DMode":false,"pivot":{"x":4.426553249359131,"y":0.07030685991048813,"z":-16.999181747436525},"rotation":{"x":0.007720569148659706,"y":0.9919523000717163,"z":-0.07484328001737595,"w":0.10214671492576599},"size":10.0,"orthographic":false}